S.No,From Date,To Date,PM2.5 (ug/m3),Ozone (ug/m3),SO2 (ug/m3),PM10 (ug/m3),NO2 (ug/m3),CO (mg/m3)
972,30-Aug-2019 - 00:00,31-Aug-2019 - 00:00,15.33,24.46,1.83,26.51,23.17,0.37
973,31-Aug-2019 - 00:00,01-Sep-2019 - 00:00,14.77,24.88,2.6,29.29,19.09,0.33
974,01-Sep-2019 - 00:00,02-Sep-2019 - 00:00,22.06,22,2.23,42.89,25.08,0.48
975,02-Sep-2019 - 00:00,03-Sep-2019 - 00:00,10.32,19.01,1.91,23,23.79,0.42
976,03-Sep-2019 - 00:00,04-Sep-2019 - 00:00,8.43,22,2.89,15.31,22.7,0.39
977,04-Sep-2019 - 00:00,05-Sep-2019 - 00:00,7.14,13.74,2.17,17.52,11.47,0.28
978,05-Sep-2019 - 00:00,06-Sep-2019 - 00:00,8.57,23.61,2.34,20.07,18.04,0.35
979,06-Sep-2019 - 00:00,07-Sep-2019 - 00:00,7.63,23.22,2.4,17.41,20.53,0.33
980,07-Sep-2019 - 00:00,08-Sep-2019 - 00:00,6.89,19.84,2.31,19.31,21.6,0.38
981,08-Sep-2019 - 00:00,09-Sep-2019 - 00:00,9.55,18.86,2.05,19.55,22.8,0.36
982,09-Sep-2019 - 00:00,10-Sep-2019 - 00:00,8.13,31.74,2.56,24.96,20.11,0.3
983,10-Sep-2019 - 00:00,11-Sep-2019 - 00:00,14.56,35.13,3.37,31.69,13.95,0.31
984,11-Sep-2019 - 00:00,12-Sep-2019 - 00:00,12.14,20.86,3.03,26.36,23.38,0.38
985,12-Sep-2019 - 00:00,13-Sep-2019 - 00:00,13.14,14.75,3.3,24.18,23.79,0.39
986,13-Sep-2019 - 00:00,14-Sep-2019 - 00:00,12.52,24.27,3.32,28.83,20.06,0.33
987,14-Sep-2019 - 00:00,15-Sep-2019 - 00:00,15.63,39.63,3.57,36.55,19,0.31
988,15-Sep-2019 - 00:00,16-Sep-2019 - 00:00,19.73,46.9,5.73,38.32,14.83,0.27
989,16-Sep-2019 - 00:00,17-Sep-2019 - 00:00,16.01,28.32,4.47,34.01,15.07,0.33
990,17-Sep-2019 - 00:00,18-Sep-2019 - 00:00,16.46,16.94,3.81,32.19,14.03,0.35
991,18-Sep-2019 - 00:00,19-Sep-2019 - 00:00,12.22,18.17,4.28,23.44,14.48,0.36
992,19-Sep-2019 - 00:00,20-Sep-2019 - 00:00,8.25,15.7,3.84,17.75,13.4,0.29
993,20-Sep-2019 - 00:00,21-Sep-2019 - 00:00,13.39,17.94,4.47,33.02,31.64,0.53
994,21-Sep-2019 - 00:00,22-Sep-2019 - 00:00,20.96,20.73,5.51,45.06,28.1,0.51
995,22-Sep-2019 - 00:00,23-Sep-2019 - 00:00,16.38,30.81,4.19,29.84,20.02,0.44
996,23-Sep-2019 - 00:00,24-Sep-2019 - 00:00,10.15,27.81,4.24,23.97,17.49,0.4
997,24-Sep-2019 - 00:00,25-Sep-2019 - 00:00,10.56,13.29,3.97,24.2,15.83,0.29
998,25-Sep-2019 - 00:00,26-Sep-2019 - 00:00,10.19,10.24,4,16.26,18.44,0.44
999,26-Sep-2019 - 00:00,27-Sep-2019 - 00:00,11.37,18.88,3.91,19.67,23.3,0.48
1000,27-Sep-2019 - 00:00,28-Sep-2019 - 00:00,12.35,17.84,4.41,20.67,24.3,0.46
1001,28-Sep-2019 - 00:00,29-Sep-2019 - 00:00,17.13,12.34,4.43,27.99,22.62,0.49
1002,29-Sep-2019 - 00:00,30-Sep-2019 - 00:00,3.45,19.34,3.49,18.42,21.4,0.38
1003,30-Sep-2019 - 00:00,01-Oct-2019 - 00:00,2.89,17.93,3.8,19.27,20.37,0.37
1004,01-Oct-2019 - 00:00,02-Oct-2019 - 00:00,48.6,43.29,6.77,141.46,35.58,0.61
1005,02-Oct-2019 - 00:00,03-Oct-2019 - 00:00,65.34,43.55,5.25,306.69,33.48,0.61
1006,03-Oct-2019 - 00:00,04-Oct-2019 - 00:00,43.48,26.73,4.53,111.37,35.02,0.57
1007,04-Oct-2019 - 00:00,05-Oct-2019 - 00:00,33.78,45.61,5.85,89.35,20.99,0.43
1008,05-Oct-2019 - 00:00,06-Oct-2019 - 00:00,41.86,41.13,3.79,92.04,31.79,0.68
1009,06-Oct-2019 - 00:00,07-Oct-2019 - 00:00,50.41,30.65,3.83,117.88,27.13,0.52
1010,07-Oct-2019 - 00:00,08-Oct-2019 - 00:00,41.95,34.3,4.54,137.46,26.73,0.56
1011,08-Oct-2019 - 00:00,09-Oct-2019 - 00:00,27.27,26.88,3.93,111.11,23.68,0.52
1012,09-Oct-2019 - 00:00,10-Oct-2019 - 00:00,12.3,19.98,4.17,82.02,14.94,0.33
1013,10-Oct-2019 - 00:00,11-Oct-2019 - 00:00,25.63,20.09,4.79,163.41,24.94,0.78
1014,11-Oct-2019 - 00:00,12-Oct-2019 - 00:00,52.37,27.56,6.23,84.69,29.28,1
1015,12-Oct-2019 - 00:00,13-Oct-2019 - 00:00,54.6,47.01,4.32,76.64,31.02,1
1016,13-Oct-2019 - 00:00,14-Oct-2019 - 00:00,79.72,49.22,7.42,105.48,41.98,0.82
1017,14-Oct-2019 - 00:00,15-Oct-2019 - 00:00,84.66,63.15,7.71,104.84,43.21,0.67
1018,15-Oct-2019 - 00:00,16-Oct-2019 - 00:00,85.24,65.31,6.59,112.81,38.28,0.64
1019,16-Oct-2019 - 00:00,17-Oct-2019 - 00:00,74.3,34.56,4.79,87.43,37.37,0.66
1020,17-Oct-2019 - 00:00,18-Oct-2019 - 00:00,58.83,21.65,5.64,67.76,44.68,0.78
1021,18-Oct-2019 - 00:00,19-Oct-2019 - 00:00,67.95,51.68,6.16,85.17,52.39,0.99
1022,19-Oct-2019 - 00:00,20-Oct-2019 - 00:00,79.67,46.81,5.03,127.49,45.77,0.79
1023,20-Oct-2019 - 00:00,21-Oct-2019 - 00:00,93.09,42.88,5.81,124.27,47.12,0.84
1024,21-Oct-2019 - 00:00,22-Oct-2019 - 00:00,113.22,47.2,9.02,150.45,45.55,0.71
1025,22-Oct-2019 - 00:00,23-Oct-2019 - 00:00,95.49,43.76,8.72,142.71,54.02,0.81
1026,23-Oct-2019 - 00:00,24-Oct-2019 - 00:00,86.26,41,8.48,142.99,48.43,0.73
1027,24-Oct-2019 - 00:00,25-Oct-2019 - 00:00,34.93,35.62,3.72,87.03,31.9,0.41
1028,25-Oct-2019 - 00:00,26-Oct-2019 - 00:00,20.96,26.48,4.55,65.63,24.1,0.4
1029,26-Oct-2019 - 00:00,27-Oct-2019 - 00:00,55.06,18.24,7.13,84.46,32.76,0.64
1030,27-Oct-2019 - 00:00,28-Oct-2019 - 00:00,97.58,30.2,12.13,112.62,36.32,0.73
1031,28-Oct-2019 - 00:00,29-Oct-2019 - 00:00,75.47,43.51,11.14,123.76,39.5,0.63
1032,29-Oct-2019 - 00:00,30-Oct-2019 - 00:00,105.48,42.37,7.44,150.3,45.32,0.62
1033,30-Oct-2019 - 00:00,31-Oct-2019 - 00:00,98.43,43.56,5.61,157.42,47.55,0.76
1034,31-Oct-2019 - 00:00,01-Nov-2019 - 00:00,56.63,41.87,9.38,141.42,61.48,1.02
1035,01-Nov-2019 - 00:00,02-Nov-2019 - 00:00,59.02,47.16,8.41,174.28,60.04,1.07
1036,02-Nov-2019 - 00:00,03-Nov-2019 - 00:00,72.46,46.66,9.43,143.14,55.41,0.85
1037,03-Nov-2019 - 00:00,04-Nov-2019 - 00:00,72.95,41.95,6.41,123.95,48.41,0.69
1038,04-Nov-2019 - 00:00,05-Nov-2019 - 00:00,76.71,40.4,6.17,129.9,61.93,0.99
1039,05-Nov-2019 - 00:00,06-Nov-2019 - 00:00,133.82,51.07,9.17,223.86,75.3,1.18
1040,06-Nov-2019 - 00:00,07-Nov-2019 - 00:00,167.11,59.55,9.3,261.93,66.97,1.21
1041,07-Nov-2019 - 00:00,08-Nov-2019 - 00:00,96.94,46.16,10.66,166.35,75.67,0.8
1042,08-Nov-2019 - 00:00,09-Nov-2019 - 00:00,57.63,29.96,3.7,97.6,40.11,0.43
1043,09-Nov-2019 - 00:00,10-Nov-2019 - 00:00,14.57,32.18,2.92,38.47,19.29,0.3
1044,10-Nov-2019 - 00:00,11-Nov-2019 - 00:00,29.76,39.58,4.25,54.2,24.32,0.42
1045,11-Nov-2019 - 00:00,12-Nov-2019 - 00:00,37.15,6.84,5.77,93.74,41.55,0.85
1046,12-Nov-2019 - 00:00,13-Nov-2019 - 00:00,105.05,6.46,10.73,192.06,59.06,1.33
1047,13-Nov-2019 - 00:00,14-Nov-2019 - 00:00,124,6.14,10.93,231.62,72.07,1.15
1048,14-Nov-2019 - 00:00,15-Nov-2019 - 00:00,97.18,5.74,10.01,184.63,68.82,0.95
1049,15-Nov-2019 - 00:00,16-Nov-2019 - 00:00,94.62,5.55,8.6,176.56,64.26,1.06
1050,16-Nov-2019 - 00:00,17-Nov-2019 - 00:00,92.95,5.54,8.45,175.54,62.81,1.13
1051,17-Nov-2019 - 00:00,18-Nov-2019 - 00:00,100.04,5.33,8,175.64,65.51,1.2
1052,18-Nov-2019 - 00:00,19-Nov-2019 - 00:00,109.08,9.17,12.78,184.9,76.32,1.31
1053,19-Nov-2019 - 00:00,20-Nov-2019 - 00:00,108.28,60.91,17.91,173.86,75.34,1.38
1054,20-Nov-2019 - 00:00,21-Nov-2019 - 00:00,104.4,51.74,11.8,169.24,86.18,1.51
1055,21-Nov-2019 - 00:00,22-Nov-2019 - 00:00,95.95,56.3,8.66,156.51,81.36,1.05
1056,22-Nov-2019 - 00:00,23-Nov-2019 - 00:00,101.31,56.9,14.61,178.86,80.76,1.05
1057,23-Nov-2019 - 00:00,24-Nov-2019 - 00:00,117.08,66.41,14.4,189.64,85.58,1.27
1058,24-Nov-2019 - 00:00,25-Nov-2019 - 00:00,145.72,52.37,11.87,225.82,91.55,1.3
1059,25-Nov-2019 - 00:00,26-Nov-2019 - 00:00,124.08,56.61,7.55,181.7,80.41,1.37
1060,26-Nov-2019 - 00:00,27-Nov-2019 - 00:00,122.35,48.24,6.08,178.71,75.98,1.75
1061,27-Nov-2019 - 00:00,28-Nov-2019 - 00:00,131.82,48.54,7.46,196.35,54.08,1.6
1062,28-Nov-2019 - 00:00,29-Nov-2019 - 00:00,86.09,45.32,7.87,134.01,31.28,1.19
1063,29-Nov-2019 - 00:00,30-Nov-2019 - 00:00,80.41,43.62,6.72,135.06,28.13,1.35
1064,30-Nov-2019 - 00:00,01-Dec-2019 - 00:00,119.66,42,16.57,201.56,22.98,1.96
1065,01-Dec-2019 - 00:00,02-Dec-2019 - 00:00,110.47,46.13,13.17,168.41,21.73,1.19
1066,02-Dec-2019 - 00:00,03-Dec-2019 - 00:00,92.36,38.17,16.99,142.49,22.45,1.29
1067,03-Dec-2019 - 00:00,04-Dec-2019 - 00:00,109.05,44.33,16.6,162.57,27.33,1.1
1068,04-Dec-2019 - 00:00,05-Dec-2019 - 00:00,111.66,50.9,21.37,181.18,29.59,0.86
1069,05-Dec-2019 - 00:00,06-Dec-2019 - 00:00,106.62,43.92,20.88,164.12,28.3,0.93
1070,06-Dec-2019 - 00:00,07-Dec-2019 - 00:00,75.2,31.45,12.42,117.83,22.44,0.81
1071,07-Dec-2019 - 00:00,08-Dec-2019 - 00:00,72.03,32.72,15.55,126.17,24.92,1.1
1072,08-Dec-2019 - 00:00,09-Dec-2019 - 00:00,75.83,32.63,17.1,99.98,24.66,0.8
1073,09-Dec-2019 - 00:00,10-Dec-2019 - 00:00,73.59,35.75,16.22,99.79,22.51,0.81
1074,10-Dec-2019 - 00:00,11-Dec-2019 - 00:00,60.89,48.5,16.11,118.95,26.56,0.61
1075,11-Dec-2019 - 00:00,12-Dec-2019 - 00:00,79.07,56.82,16.61,106.09,23.16,0.65
1076,12-Dec-2019 - 00:00,13-Dec-2019 - 00:00,70.08,41.77,15.54,125.37,20.5,0.76
1077,13-Dec-2019 - 00:00,14-Dec-2019 - 00:00,113.27,53.73,17.3,167.51,20.46,0.86
1078,14-Dec-2019 - 00:00,15-Dec-2019 - 00:00,134.43,44.77,17.34,209.17,30,1.1
1079,15-Dec-2019 - 00:00,16-Dec-2019 - 00:00,103.78,41.16,16.12,163.04,24.24,0.85
1080,16-Dec-2019 - 00:00,17-Dec-2019 - 00:00,67.95,32.75,18.19,127.34,25.24,0.67
1081,17-Dec-2019 - 00:00,18-Dec-2019 - 00:00,70.08,34.7,15.24,137.56,25.26,0.65
1082,18-Dec-2019 - 00:00,19-Dec-2019 - 00:00,69.87,45.98,14.24,136.7,22.39,0.6
1083,19-Dec-2019 - 00:00,20-Dec-2019 - 00:00,76.11,39.82,15.96,146.89,24.77,0.68
1084,20-Dec-2019 - 00:00,21-Dec-2019 - 00:00,101.48,36.65,15.3,184.87,33.03,1
1085,21-Dec-2019 - 00:00,22-Dec-2019 - 00:00,130.5,31.07,13.21,215.47,35.35,1.08
1086,22-Dec-2019 - 00:00,23-Dec-2019 - 00:00,127,29.77,9.94,187.14,29.7,1.11
1087,23-Dec-2019 - 00:00,24-Dec-2019 - 00:00,143.54,38.51,10.99,182.13,30.05,1.1
1088,24-Dec-2019 - 00:00,25-Dec-2019 - 00:00,136.56,33.53,12.83,190.88,37.15,1.59
1089,25-Dec-2019 - 00:00,26-Dec-2019 - 00:00,129.48,34.99,10.52,196.97,42.82,1.56
1090,26-Dec-2019 - 00:00,27-Dec-2019 - 00:00,121.7,28.83,11.09,188.37,31.51,0.98
1091,27-Dec-2019 - 00:00,28-Dec-2019 - 00:00,88.46,32.84,11.14,152.8,26.65,0.82
1092,28-Dec-2019 - 00:00,29-Dec-2019 - 00:00,132.05,30.16,9.72,223.46,32.84,1.08
1093,29-Dec-2019 - 00:00,30-Dec-2019 - 00:00,108.84,39.95,9.86,181.19,33.51,1
1094,30-Dec-2019 - 00:00,31-Dec-2019 - 00:00,135.16,27.45,11.55,223.41,40.22,1.7
1095,31-Dec-2019 - 00:00,01-Jan-2020 - 00:00,136.66,26.1,9.69,214.74,43.23,1.6
1096,01-Jan-2020 - 00:00,02-Jan-2020 - 00:00,116.5,31.28,12.3,237.14,47.96,1.54
1097,02-Jan-2020 - 00:00,03-Jan-2020 - 00:00,125.05,26.43,9.38,194.05,37.4,1.26
1098,03-Jan-2020 - 00:00,04-Jan-2020 - 00:00,52.27,17.8,4.98,83.25,21.66,0.47
1099,04-Jan-2020 - 00:00,05-Jan-2020 - 00:00,43.77,9.15,3.56,75.07,23.43,1.15
1100,05-Jan-2020 - 00:00,06-Jan-2020 - 00:00,44.77,10.15,4.56,76.07,24.43,1.15
1101,06-Jan-2020 - 00:00,07-Jan-2020 - 00:00,76.93,24.52,4.81,161.58,32.52,1.28
1102,07-Jan-2020 - 00:00,08-Jan-2020 - 00:00,111.19,36.77,6.93,185.15,33.98,1.08
1103,08-Jan-2020 - 00:00,09-Jan-2020 - 00:00,131.12,32.29,4.41,190.55,35.2,1.11
1104,09-Jan-2020 - 00:00,10-Jan-2020 - 00:00,95.19,22.5,5.5,131.86,32.71,0.92
1105,10-Jan-2020 - 00:00,11-Jan-2020 - 00:00,89.16,22.34,12.42,125.02,32.81,0.83
1106,11-Jan-2020 - 00:00,12-Jan-2020 - 00:00,120.88,34.59,11.37,137.29,31.48,1.1
1107,12-Jan-2020 - 00:00,13-Jan-2020 - 00:00,72.79,39.94,9.64,115.6,32.72,0.77
1108,13-Jan-2020 - 00:00,14-Jan-2020 - 00:00,98.46,41.69,9.37,147.86,46.18,1.74
1109,14-Jan-2020 - 00:00,15-Jan-2020 - 00:00,191.92,36.3,8.98,267.06,58.74,2.58
1110,15-Jan-2020 - 00:00,16-Jan-2020 - 00:00,225.42,28.61,9.91,290.85,71.79,2.16
1111,16-Jan-2020 - 00:00,17-Jan-2020 - 00:00,145.72,42.13,10.33,221.02,46.34,1.35
1112,17-Jan-2020 - 00:00,18-Jan-2020 - 00:00,118.11,33.14,9.31,184.33,47.69,1.43
1113,18-Jan-2020 - 00:00,19-Jan-2020 - 00:00,83.92,31.75,12.53,138.79,45.84,1.04
1114,19-Jan-2020 - 00:00,20-Jan-2020 - 00:00,84.83,32.64,11.09,153.81,35.35,0.89
1115,20-Jan-2020 - 00:00,21-Jan-2020 - 00:00,74.44,38.8,10.22,124.86,29.98,0.85
1116,21-Jan-2020 - 00:00,22-Jan-2020 - 00:00,86.59,40.1,10.59,153.72,46.17,1.12
1117,22-Jan-2020 - 00:00,23-Jan-2020 - 00:00,105.22,,9.92,182.51,54.57,1.22
1118,23-Jan-2020 - 00:00,24-Jan-2020 - 00:00,123.01,32.12,13.21,200.5,44.59,1.22
1119,24-Jan-2020 - 00:00,25-Jan-2020 - 00:00,82.12,38.63,13.18,148.62,47.46,1.03
1120,25-Jan-2020 - 00:00,26-Jan-2020 - 00:00,69.99,53.51,11.21,114.07,44.39,0.9
1121,26-Jan-2020 - 00:00,27-Jan-2020 - 00:00,125.8,47.21,9.87,175.65,55.95,1.43
1122,27-Jan-2020 - 00:00,28-Jan-2020 - 00:00,122.15,44.99,9.01,218.4,55.13,1.33
1123,28-Jan-2020 - 00:00,29-Jan-2020 - 00:00,107.51,53.9,12.21,249.96,37.48,0.94
1124,29-Jan-2020 - 00:00,30-Jan-2020 - 00:00,47.04,49.03,6.62,252.81,18.04,0.5
1125,30-Jan-2020 - 00:00,31-Jan-2020 - 00:00,55.16,29.78,6.19,199.21,24.53,1.06
1126,31-Jan-2020 - 00:00,01-Feb-2020 - 00:00,82.91,33.11,9.19,151.13,34.12,1.03
1127,01-Feb-2020 - 00:00,02-Feb-2020 - 00:00,66.56,41.04,8.18,135.28,42.64,0.98
1128,02-Feb-2020 - 00:00,03-Feb-2020 - 00:00,75.11,43.69,11.13,133.18,43.9,0.93
1129,03-Feb-2020 - 00:00,04-Feb-2020 - 00:00,94.77,45.24,6.14,165.75,42.45,1.08
1130,04-Feb-2020 - 00:00,05-Feb-2020 - 00:00,80.89,39.77,12.6,159.11,51.36,1.01
1131,05-Feb-2020 - 00:00,06-Feb-2020 - 00:00,103.34,50.2,18.22,184.35,42.27,0.97
1132,06-Feb-2020 - 00:00,07-Feb-2020 - 00:00,101.43,39.76,8.28,178.64,38.36,1.02
1133,07-Feb-2020 - 00:00,08-Feb-2020 - 00:00,118.97,40.47,9.64,195.56,35.19,0.81
1134,08-Feb-2020 - 00:00,09-Feb-2020 - 00:00,164.43,16.98,16.08,272.06,40.17,1.08
1135,09-Feb-2020 - 00:00,10-Feb-2020 - 00:00,125.05,46.34,13.8,217.09,42.22,0.98
1136,10-Feb-2020 - 00:00,11-Feb-2020 - 00:00,109.95,48.57,10.1,204.69,50.19,1.03
1137,11-Feb-2020 - 00:00,12-Feb-2020 - 00:00,133.03,41.49,10.21,286.73,68.46,1.44
1138,12-Feb-2020 - 00:00,13-Feb-2020 - 00:00,130.33,44.71,9.06,262.37,72.78,1.48
1139,13-Feb-2020 - 00:00,14-Feb-2020 - 00:00,132.24,48.85,9.34,267.19,64.27,1.11
1140,14-Feb-2020 - 00:00,15-Feb-2020 - 00:00,122.28,51.09,11.55,223.85,54.73,1
1141,15-Feb-2020 - 00:00,16-Feb-2020 - 00:00,85.38,50.87,8.43,185.01,47.69,0.99
1142,16-Feb-2020 - 00:00,17-Feb-2020 - 00:00,131.26,53.11,10.55,257.14,48.94,0.96
1143,17-Feb-2020 - 00:00,18-Feb-2020 - 00:00,130.64,52.42,8.4,244.37,51.4,0.98
1144,18-Feb-2020 - 00:00,19-Feb-2020 - 00:00,122.38,56.14,8.43,225.51,32.77,0.74
1145,19-Feb-2020 - 00:00,20-Feb-2020 - 00:00,107.69,53.54,22.44,174.72,19.48,0.46
1146,20-Feb-2020 - 00:00,21-Feb-2020 - 00:00,79.16,38.99,14.36,147.99,16.78,0.48
1147,21-Feb-2020 - 00:00,22-Feb-2020 - 00:00,112.54,20.7,2.66,203.97,41.48,1.09
1148,22-Feb-2020 - 00:00,23-Feb-2020 - 00:00,150.06,51.99,4.51,259.06,46.09,1.06
1149,23-Feb-2020 - 00:00,24-Feb-2020 - 00:00,134.36,44.41,4.3,215.95,34.79,0.85
1150,24-Feb-2020 - 00:00,25-Feb-2020 - 00:00,149.68,28.91,6.95,241.35,46.29,1.1
1151,25-Feb-2020 - 00:00,26-Feb-2020 - 00:00,103.27,18.7,4.34,164.25,34.99,0.72
1152,26-Feb-2020 - 00:00,27-Feb-2020 - 00:00,46.96,43.95,8.83,98.66,24.19,0.45
1153,27-Feb-2020 - 00:00,28-Feb-2020 - 00:00,60.39,51.28,7.91,129.43,31.3,0.71
1154,28-Feb-2020 - 00:00,29-Feb-2020 - 00:00,113.86,58.05,9.6,221.21,34.24,1.07
1155,29-Feb-2020 - 00:00,01-Mar-2020 - 00:00,113.22,54.02,8.35,205.93,44.65,1.17
1156,01-Mar-2020 - 00:00,02-Mar-2020 - 00:00,125.87,55.81,10.13,196.14,43.14,0.98
1157,02-Mar-2020 - 00:00,03-Mar-2020 - 00:00,130.02,52.16,10.31,206,37.94,0.81
1158,03-Mar-2020 - 00:00,04-Mar-2020 - 00:00,116.63,54.93,8.73,205.15,21.54,0.7
1159,04-Mar-2020 - 00:00,05-Mar-2020 - 00:00,58.93,44.5,8.5,104.68,17.06,0.46
1160,05-Mar-2020 - 00:00,06-Mar-2020 - 00:00,40.67,35.74,7.03,89.69,24.06,0.5
1161,06-Mar-2020 - 00:00,07-Mar-2020 - 00:00,45.11,21.35,5.69,95.45,22.14,0.45
1162,07-Mar-2020 - 00:00,08-Mar-2020 - 00:00,40.28,27.59,4.09,83.4,19.93,0.52
1163,08-Mar-2020 - 00:00,09-Mar-2020 - 00:00,49.56,37.96,4.13,102.05,24.21,0.72
1164,09-Mar-2020 - 00:00,10-Mar-2020 - 00:00,80.83,58.71,5.04,151.8,27.77,0.7
1165,10-Mar-2020 - 00:00,11-Mar-2020 - 00:00,107.34,68.98,6.04,176.62,29.74,0.66
1166,11-Mar-2020 - 00:00,12-Mar-2020 - 00:00,79.1,68.74,7.34,150.21,21.67,0.51
1167,12-Mar-2020 - 00:00,13-Mar-2020 - 00:00,75.9,45.76,7.58,147.42,21.32,0.53
1168,13-Mar-2020 - 00:00,14-Mar-2020 - 00:00,77.33,45.67,8.52,149.66,30,0.72
1169,14-Mar-2020 - 00:00,15-Mar-2020 - 00:00,66.83,61.52,6.15,139.16,16.21,0.39
1170,15-Mar-2020 - 00:00,16-Mar-2020 - 00:00,31.61,52.19,9.16,82.15,21.11,0.46
1171,16-Mar-2020 - 00:00,17-Mar-2020 - 00:00,69.43,48.58,14.58,146.6,32.31,0.79
1172,17-Mar-2020 - 00:00,18-Mar-2020 - 00:00,83.04,60.77,6.89,135.51,27.14,0.77
1173,18-Mar-2020 - 00:00,19-Mar-2020 - 00:00,90.52,64.37,11.18,156.85,32.85,0.82
1174,19-Mar-2020 - 00:00,20-Mar-2020 - 00:00,84.6,79.07,11.54,148.48,31.51,0.66
1175,20-Mar-2020 - 00:00,21-Mar-2020 - 00:00,42.41,67.2,11.06,90.58,26.43,0.65
1176,21-Mar-2020 - 00:00,22-Mar-2020 - 00:00,44.83,61.28,11.75,83.74,12.76,0.33
1177,22-Mar-2020 - 00:00,23-Mar-2020 - 00:00,14.11,64.63,5.53,30.12,8.49,0.24
1178,23-Mar-2020 - 00:00,24-Mar-2020 - 00:00,29.78,69.48,7.89,58.79,10.81,0.37
1179,24-Mar-2020 - 00:00,25-Mar-2020 - 00:00,32.87,50.17,6.53,58.29,7.93,0.39
1180,25-Mar-2020 - 00:00,26-Mar-2020 - 00:00,43.44,46.7,7.61,71.95,8.34,0.29
1181,26-Mar-2020 - 00:00,27-Mar-2020 - 00:00,33.71,52.7,3.62,62.84,7.78,0.34
1182,27-Mar-2020 - 00:00,28-Mar-2020 - 00:00,52.26,69.97,8.75,86.34,7.72,0.35
1183,28-Mar-2020 - 00:00,29-Mar-2020 - 00:00,45.03,70.64,7.88,78.44,8.11,0.35
1184,29-Mar-2020 - 00:00,30-Mar-2020 - 00:00,36.94,79.16,6.75,72.14,7.75,0.34
1185,30-Mar-2020 - 00:00,31-Mar-2020 - 00:00,43.72,82.58,6.75,78.99,8.6,0.34
1186,31-Mar-2020 - 00:00,01-Apr-2020 - 00:00,43.14,81.71,6.56,78.72,9.89,0.33
1187,01-Apr-2020 - 00:00,02-Apr-2020 - 00:00,43.64,74.73,7.69,77.72,5.63,0.35
1188,02-Apr-2020 - 00:00,03-Apr-2020 - 00:00,46.78,60.67,4.93,67.78,5.86,0.34
1189,03-Apr-2020 - 00:00,04-Apr-2020 - 00:00,41.16,60.43,3.03,78.47,7.29,0.41
1190,04-Apr-2020 - 00:00,05-Apr-2020 - 00:00,62.07,82.26,6.48,116.21,8.6,0.44
1191,05-Apr-2020 - 00:00,06-Apr-2020 - 00:00,45.9,70.92,4.67,78.88,5.88,0.39
1192,06-Apr-2020 - 00:00,07-Apr-2020 - 00:00,32.47,56.37,4.29,68.08,7.13,0.34
1193,07-Apr-2020 - 00:00,08-Apr-2020 - 00:00,29.69,62.89,7.7,74.92,5.47,0.27
1194,08-Apr-2020 - 00:00,09-Apr-2020 - 00:00,17.39,62.99,5.38,58.28,5.38,0.26
1195,09-Apr-2020 - 00:00,10-Apr-2020 - 00:00,18.57,81.87,7.15,51.88,6.22,0.25
1196,10-Apr-2020 - 00:00,11-Apr-2020 - 00:00,15.45,54.35,3.61,42.78,3.39,0.26
1197,11-Apr-2020 - 00:00,12-Apr-2020 - 00:00,16.88,46.32,2.82,44.44,3.19,0.25
1198,12-Apr-2020 - 00:00,13-Apr-2020 - 00:00,20.35,47.4,2.93,66.88,3.23,0.25
1199,13-Apr-2020 - 00:00,14-Apr-2020 - 00:00,20.51,43.07,1.92,54.04,3.16,0.27
1200,14-Apr-2020 - 00:00,15-Apr-2020 - 00:00,21.51,44.07,2.92,55.04,4.16,0.29
1201,15-Apr-2020 - 00:00,16-Apr-2020 - 00:00,20.8,35.82,1.77,79.65,4.9,0.3
1202,16-Apr-2020 - 00:00,17-Apr-2020 - 00:00,40.94,33.22,2.19,94.8,7.92,0.4
1203,17-Apr-2020 - 00:00,18-Apr-2020 - 00:00,17.34,37.91,3.05,50.24,3.26,0.23
1204,18-Apr-2020 - 00:00,19-Apr-2020 - 00:00,25.29,27.61,2.05,68.91,7.05,0.35
1205,19-Apr-2020 - 00:00,20-Apr-2020 - 00:00,12.2,48.56,4,35.27,2.97,0.23
1206,20-Apr-2020 - 00:00,21-Apr-2020 - 00:00,11.78,31.25,1.94,32.99,3.47,0.24
1207,21-Apr-2020 - 00:00,22-Apr-2020 - 00:00,9.58,45.5,2.34,27.06,6.78,0.29
1208,22-Apr-2020 - 00:00,23-Apr-2020 - 00:00,12.58,40.87,5.75,30.16,5.04,0.24
1209,23-Apr-2020 - 00:00,24-Apr-2020 - 00:00,9.06,28.76,2.47,28.15,3.9,0.22
1210,24-Apr-2020 - 00:00,25-Apr-2020 - 00:00,6.42,40.25,5.19,24.64,3.66,0.24
1211,25-Apr-2020 - 00:00,26-Apr-2020 - 00:00,18,49.89,5.26,40.73,4.6,0.29
1212,26-Apr-2020 - 00:00,27-Apr-2020 - 00:00,9.88,50.85,3.88,20.12,4.39,0.27
1213,27-Apr-2020 - 00:00,28-Apr-2020 - 00:00,5.78,36.79,3.28,270.83,3.61,0.25
1214,28-Apr-2020 - 00:00,29-Apr-2020 - 00:00,4.4,34.4,3.38,22.93,4.65,0.26
1215,29-Apr-2020 - 00:00,30-Apr-2020 - 00:00,16.01,37.87,4.42,39.86,6.51,0.31
1216,30-Apr-2020 - 00:00,01-May-2020 - 00:00,12.2,39.92,4.21,33.08,4.07,0.21
1217,01-May-2020 - 00:00,02-May-2020 - 00:00,8,45.12,3.27,24.15,3.65,0.21
1218,02-May-2020 - 00:00,03-May-2020 - 00:00,15.64,38.16,3.65,40.59,6.34,0.31
1219,03-May-2020 - 00:00,04-May-2020 - 00:00,17.04,51.58,3.91,41.35,5.38,0.29
1220,04-May-2020 - 00:00,05-May-2020 - 00:00,18.37,36.07,2.27,50.09,4.34,0.28
1221,05-May-2020 - 00:00,06-May-2020 - 00:00,17.6,32.82,2.3,40.13,4.24,0.24
1222,06-May-2020 - 00:00,07-May-2020 - 00:00,14,46.32,2.79,33.42,6.03,0.29
1223,07-May-2020 - 00:00,08-May-2020 - 00:00,16.04,46.13,2.2,35.86,3.83,0.22
1224,08-May-2020 - 00:00,09-May-2020 - 00:00,20.58,53.48,2.38,44.4,3.6,0.25
1225,09-May-2020 - 00:00,10-May-2020 - 00:00,30.57,49.82,2.01,66.2,4.13,0.29
1226,10-May-2020 - 00:00,11-May-2020 - 00:00,22.97,46.32,2.73,50.3,3.57,0.2
1227,11-May-2020 - 00:00,12-May-2020 - 00:00,24.83,65.39,4.87,54.8,6.03,0.28
1228,12-May-2020 - 00:00,13-May-2020 - 00:00,32.82,65.91,7.62,75.86,7.86,0.3
1229,13-May-2020 - 00:00,14-May-2020 - 00:00,27.19,40.12,6.04,64.8,4.2,0.21
1230,14-May-2020 - 00:00,15-May-2020 - 00:00,19.3,28.91,2.72,50.29,3.13,0.19
1231,15-May-2020 - 00:00,16-May-2020 - 00:00,14.12,25.66,2.33,35.28,2.93,0.21
1232,16-May-2020 - 00:00,17-May-2020 - 00:00,12.88,25.48,2.85,40.82,2.89,0.19
1233,17-May-2020 - 00:00,18-May-2020 - 00:00,14.76,25.5,3.63,43.29,3.2,0.22
1234,18-May-2020 - 00:00,19-May-2020 - 00:00,23.57,15.33,1.63,59.86,5.34,0.32
1235,19-May-2020 - 00:00,20-May-2020 - 00:00,10.38,16.36,1.79,26.38,3.55,0.25
1236,20-May-2020 - 00:00,21-May-2020 - 00:00,17.19,32.85,2.82,30.72,3.05,0.24
1237,21-May-2020 - 00:00,22-May-2020 - 00:00,14.88,29.77,2.42,15.61,5.45,0.32
1238,22-May-2020 - 00:00,23-May-2020 - 00:00,19.42,31.29,2.78,42.11,4.65,0.27
1239,23-May-2020 - 00:00,24-May-2020 - 00:00,26.34,33.67,2.42,67.76,2,0.19
1240,24-May-2020 - 00:00,25-May-2020 - 00:00,23.46,32.56,2.03,65.7,2.12,0.21
1241,25-May-2020 - 00:00,26-May-2020 - 00:00,22.14,28.63,1.37,61.69,2.25,0.18
1242,26-May-2020 - 00:00,27-May-2020 - 00:00,14.41,22.88,1.74,50.1,2.2,0.19
1243,27-May-2020 - 00:00,28-May-2020 - 00:00,17.23,25.94,2.21,47.55,2.47,0.19
1244,28-May-2020 - 00:00,29-May-2020 - 00:00,19.85,39.51,2.78,38.06,6.69,0.29
1245,29-May-2020 - 00:00,30-May-2020 - 00:00,20.34,40.8,2.77,40.3,5.03,0.22
1246,30-May-2020 - 00:00,31-May-2020 - 00:00,18.07,40.66,3.25,38.46,3.06,0.2
1247,31-May-2020 - 00:00,01-Jun-2020 - 00:00,18.19,43.95,3.62,37.44,4.66,0.29
1248,01-Jun-2020 - 00:00,02-Jun-2020 - 00:00,8.3,28.25,2.18,30.46,4.68,0.22
1249,02-Jun-2020 - 00:00,03-Jun-2020 - 00:00,6.66,30.8,2.62,38.88,5.11,0.23
1250,03-Jun-2020 - 00:00,04-Jun-2020 - 00:00,10.26,38.02,3.18,36.43,4.45,0.24
1251,04-Jun-2020 - 00:00,05-Jun-2020 - 00:00,10.16,27.02,4.69,38.95,3.75,0.2
1252,05-Jun-2020 - 00:00,06-Jun-2020 - 00:00,7.54,26.81,2.69,34.32,2.82,0.2
1253,06-Jun-2020 - 00:00,07-Jun-2020 - 00:00,15.19,39.03,2,49.88,3.7,0.25
1254,07-Jun-2020 - 00:00,08-Jun-2020 - 00:00,21.15,41.69,1.7,54.06,4.48,0.29
1255,08-Jun-2020 - 00:00,09-Jun-2020 - 00:00,19.25,26.85,2.35,51.84,7.77,0.35
1256,09-Jun-2020 - 00:00,10-Jun-2020 - 00:00,14.48,22.28,1.7,50.21,5.16,0.22
1257,10-Jun-2020 - 00:00,11-Jun-2020 - 00:00,7.4,18.93,1.95,36.53,5.55,0.22
1258,11-Jun-2020 - 00:00,12-Jun-2020 - 00:00,1.04,14.91,1.95,23.95,6.04,0.27
1259,12-Jun-2020 - 00:00,13-Jun-2020 - 00:00,5.26,17,4.15,28.7,6.48,0.27
1260,13-Jun-2020 - 00:00,14-Jun-2020 - 00:00,6.14,19.11,1.21,27.45,6.72,0.28
1261,14-Jun-2020 - 00:00,15-Jun-2020 - 00:00,6.56,20.8,2.44,17.51,6.03,0.25
1262,15-Jun-2020 - 00:00,16-Jun-2020 - 00:00,8,23.68,3.92,20.73,6.66,0.24
1263,16-Jun-2020 - 00:00,17-Jun-2020 - 00:00,6.59,22.15,6,24.05,7.3,0.3
1264,17-Jun-2020 - 00:00,18-Jun-2020 - 00:00,9.72,19.44,8.56,35.06,5.57,0.29
1265,18-Jun-2020 - 00:00,19-Jun-2020 - 00:00,11.72,26.38,7.82,31.59,4.81,0.33
1266,19-Jun-2020 - 00:00,20-Jun-2020 - 00:00,11.29,25.33,6.34,35.25,6.78,0.36
1267,20-Jun-2020 - 00:00,21-Jun-2020 - 00:00,8.56,18.4,5.73,30.65,4.54,0.28
1268,21-Jun-2020 - 00:00,22-Jun-2020 - 00:00,5.3,24.86,7.03,27.29,4.57,0.35
1269,22-Jun-2020 - 00:00,23-Jun-2020 - 00:00,7.07,26.77,6.55,35.68,5.4,0.35
1270,23-Jun-2020 - 00:00,24-Jun-2020 - 00:00,9.26,20.29,5.16,41.28,4.79,0.39
1271,24-Jun-2020 - 00:00,25-Jun-2020 - 00:00,14.35,19.34,8.44,45.43,3.17,0.38
1272,25-Jun-2020 - 00:00,26-Jun-2020 - 00:00,11.51,15.29,9.52,46.43,3.02,0.38
1273,26-Jun-2020 - 00:00,27-Jun-2020 - 00:00,6.39,16.32,9.32,47.43,3.89,0.37
1274,27-Jun-2020 - 00:00,28-Jun-2020 - 00:00,5.21,16.7,8.66,48.43,4.85,0.42
1275,28-Jun-2020 - 00:00,29-Jun-2020 - 00:00,5.48,20.97,8.57,49.43,4.66,0.46
1276,29-Jun-2020 - 00:00,30-Jun-2020 - 00:00,5.87,22.43,9.35,50.43,7.72,0.51
1277,30-Jun-2020 - 00:00,01-Jul-2020 - 00:00,6.36,14.82,5.48,51.43,5.94,0.46
1278,01-Jul-2020 - 00:00,02-Jul-2020 - 00:00,6.56,10.71,7.28,52.43,8.74,0.51
1279,02-Jul-2020 - 00:00,03-Jul-2020 - 00:00,15.61,7.75,10.59,53.43,9.48,0.63
1280,03-Jul-2020 - 00:00,04-Jul-2020 - 00:00,12.72,7.89,15.9,54.43,7.98,0.68
1281,04-Jul-2020 - 00:00,05-Jul-2020 - 00:00,13.17,8.78,15.78,46.93,6.31,0.46
1282,05-Jul-2020 - 00:00,06-Jul-2020 - 00:00,8.87,12.69,18.51,47.93,4.72,0.37
1283,06-Jul-2020 - 00:00,07-Jul-2020 - 00:00,9.87,20.92,18.98,48.93,7.21,0.4
1284,07-Jul-2020 - 00:00,08-Jul-2020 - 00:00,10.87,28.28,22.79,49.93,5.86,0.44
1285,08-Jul-2020 - 00:00,09-Jul-2020 - 00:00,11.87,26.66,29.56,50.93,6.83,0.43
1286,09-Jul-2020 - 00:00,10-Jul-2020 - 00:00,12.87,27.76,25.2,51.93,5.84,0.41
1287,10-Jul-2020 - 00:00,11-Jul-2020 - 00:00,13.87,32.27,18.36,52.93,3.96,0.41
1288,11-Jul-2020 - 00:00,12-Jul-2020 - 00:00,14.87,33.83,22.5,53.93,4.82,0.44
1289,12-Jul-2020 - 00:00,13-Jul-2020 - 00:00,15.87,44.67,25.68,54.93,5.32,0.47
1290,13-Jul-2020 - 00:00,14-Jul-2020 - 00:00,16.87,33.18,28.45,55.93,7.07,0.49
1291,14-Jul-2020 - 00:00,15-Jul-2020 - 00:00,17.87,36.63,22.4,56.93,5.66,0.45
1292,15-Jul-2020 - 00:00,16-Jul-2020 - 00:00,18.87,27.29,10.02,12.6,5.91,0.43
1293,16-Jul-2020 - 00:00,17-Jul-2020 - 00:00,2.93,25.69,8.67,16.21,4.76,0.35
1294,17-Jul-2020 - 00:00,18-Jul-2020 - 00:00,2.58,26,18.31,13.6,4.6,0.37
1295,18-Jul-2020 - 00:00,19-Jul-2020 - 00:00,5.41,24.81,22.88,25.21,6.83,0.54
1296,19-Jul-2020 - 00:00,20-Jul-2020 - 00:00,6.2,24.74,6.98,23.22,4.55,0.38
1297,20-Jul-2020 - 00:00,21-Jul-2020 - 00:00,3.6,22.42,12.97,22.07,6.8,0.42
1298,21-Jul-2020 - 00:00,22-Jul-2020 - 00:00,5.76,25.25,20.29,30.4,7.51,0.44
1299,22-Jul-2020 - 00:00,23-Jul-2020 - 00:00,9.38,25.61,14.48,22.85,9.12,0.39
1300,23-Jul-2020 - 00:00,24-Jul-2020 - 00:00,10.38,26.61,15.48,23.85,10.12,0.38
1301,24-Jul-2020 - 00:00,25-Jul-2020 - 00:00,7.12,27.86,15.89,31.54,8.68,0.31
1302,25-Jul-2020 - 00:00,26-Jul-2020 - 00:00,11.43,29.59,18.11,34.01,6.41,0.27
1303,26-Jul-2020 - 00:00,27-Jul-2020 - 00:00,9.47,37.88,22.36,32.32,5.8,0.25
1304,27-Jul-2020 - 00:00,28-Jul-2020 - 00:00,19.24,35.21,26.09,40.14,12.23,0.39
1305,28-Jul-2020 - 00:00,29-Jul-2020 - 00:00,17.29,28.73,16.61,40.98,10.3,0.42
1306,29-Jul-2020 - 00:00,30-Jul-2020 - 00:00,6.66,21.29,11.4,22.58,4.41,0.42
1307,30-Jul-2020 - 00:00,31-Jul-2020 - 00:00,3,17.43,12.71,14.8,4.63,0.38
1308,31-Jul-2020 - 00:00,01-Aug-2020 - 00:00,2.86,12.67,13.25,10.48,5.72,0.38
1309,01-Aug-2020 - 00:00,02-Aug-2020 - 00:00,2.85,15.74,14.4,17.51,6.13,0.45
1310,02-Aug-2020 - 00:00,03-Aug-2020 - 00:00,6.97,27.09,18.9,24.66,8.49,0.5
1311,03-Aug-2020 - 00:00,04-Aug-2020 - 00:00,28.18,45.64,23.58,54.48,10.52,0.61
1312,04-Aug-2020 - 00:00,05-Aug-2020 - 00:00,17.36,12.31,18.58,40.22,15.77,0.73
1313,05-Aug-2020 - 00:00,06-Aug-2020 - 00:00,2.51,26.9,13.66,10.57,4.29,0.39
1314,06-Aug-2020 - 00:00,07-Aug-2020 - 00:00,2.47,23,7.6,13.6,7.83,0.45
1315,07-Aug-2020 - 00:00,08-Aug-2020 - 00:00,9.14,25.1,6.09,24.59,7.08,0.38
1316,08-Aug-2020 - 00:00,09-Aug-2020 - 00:00,12.39,31.81,5.43,29.97,5.4,0.36
1317,09-Aug-2020 - 00:00,10-Aug-2020 - 00:00,6.12,28.22,4.1,18.53,5.01,0.37
1318,10-Aug-2020 - 00:00,11-Aug-2020 - 00:00,4.64,20.25,4.54,18.89,5.46,0.35
1319,11-Aug-2020 - 00:00,12-Aug-2020 - 00:00,5.47,31.06,6.14,21.44,4.87,0.37
1320,12-Aug-2020 - 00:00,13-Aug-2020 - 00:00,8.16,33.1,5.49,23.07,7.28,0.4
1321,13-Aug-2020 - 00:00,14-Aug-2020 - 00:00,2.46,26.34,7.46,16.03,5.33,0.4
1322,14-Aug-2020 - 00:00,15-Aug-2020 - 00:00,2.57,19.44,6.87,18.57,7.55,0.41
1323,15-Aug-2020 - 00:00,16-Aug-2020 - 00:00,2.44,25.78,6.31,14.99,6.42,0.42
1324,16-Aug-2020 - 00:00,17-Aug-2020 - 00:00,4.61,24.6,6.52,21.35,6.26,0.43
1325,17-Aug-2020 - 00:00,18-Aug-2020 - 00:00,4.86,17.73,6.15,23.6,8.69,0.46
1326,18-Aug-2020 - 00:00,19-Aug-2020 - 00:00,7.69,21.51,5.06,22.63,10.23,0.48
1327,19-Aug-2020 - 00:00,20-Aug-2020 - 00:00,9.13,22.81,6.52,16.6,8.04,0.41
1328,20-Aug-2020 - 00:00,21-Aug-2020 - 00:00,2.47,27.25,6.95,10.99,5.66,0.38
1329,21-Aug-2020 - 00:00,22-Aug-2020 - 00:00,4.48,21.71,3.39,21.74,4.9,0.37
1330,22-Aug-2020 - 00:00,23-Aug-2020 - 00:00,16.48,17.64,3.01,26.85,15.69,0.62
1331,23-Aug-2020 - 00:00,24-Aug-2020 - 00:00,17.17,20.15,3.23,35.07,10.74,0.45
1332,24-Aug-2020 - 00:00,25-Aug-2020 - 00:00,18.52,24.3,3.02,39.47,19.53,0.61
1333,25-Aug-2020 - 00:00,26-Aug-2020 - 00:00,19.54,24.27,2.82,49.02,15.22,0.49
1334,26-Aug-2020 - 00:00,27-Aug-2020 - 00:00,6.99,22,4.75,19.29,8.89,0.35
1335,27-Aug-2020 - 00:00,28-Aug-2020 - 00:00,2.56,26.48,2.74,17.49,3.92,0.3
1336,28-Aug-2020 - 00:00,29-Aug-2020 - 00:00,3.74,30.83,2.38,31.66,5.82,0.29
1337,29-Aug-2020 - 00:00,30-Aug-2020 - 00:00,17.16,40.09,4.08,38.59,5.61,0.29
1338,30-Aug-2020 - 00:00,31-Aug-2020 - 00:00,17.66,40.93,5.14,43.65,8.25,0.31
1339,31-Aug-2020 - 00:00,01-Sep-2020 - 00:00,20.8,40.35,4.7,50.55,6.67,0.36
1340,01-Sep-2020 - 00:00,02-Sep-2020 - 00:00,16.68,16.98,5.83,42.29,12.5,0.51
1341,02-Sep-2020 - 00:00,03-Sep-2020 - 00:00,9.04,13.06,1.76,28.89,15,0.37
1342,03-Sep-2020 - 00:00,04-Sep-2020 - 00:00,8.16,13.6,2.82,25.6,8.51,0.31
1343,04-Sep-2020 - 00:00,05-Sep-2020 - 00:00,12.8,15.83,3.29,32.34,10.07,0.32
1344,05-Sep-2020 - 00:00,06-Sep-2020 - 00:00,11.68,16.87,1.8,29.24,6.59,0.27
1345,06-Sep-2020 - 00:00,07-Sep-2020 - 00:00,10.61,15.75,3.66,22.52,5.43,0.24
1346,07-Sep-2020 - 00:00,08-Sep-2020 - 00:00,6.28,19.56,4.16,18.91,4.69,0.25
1347,08-Sep-2020 - 00:00,09-Sep-2020 - 00:00,13.7,21.02,4.61,31.37,9.09,0.38
1348,09-Sep-2020 - 00:00,10-Sep-2020 - 00:00,16.69,29.62,2.99,42.8,10.13,0.4
1349,10-Sep-2020 - 00:00,11-Sep-2020 - 00:00,13.23,24.45,4.37,34.44,8.09,0.37
1350,11-Sep-2020 - 00:00,12-Sep-2020 - 00:00,3.85,24.13,9.73,19.45,4.71,0.3
1351,12-Sep-2020 - 00:00,13-Sep-2020 - 00:00,3.46,16.33,7.38,21.66,6.24,0.34
1352,13-Sep-2020 - 00:00,14-Sep-2020 - 00:00,4.76,12.42,7.73,20.52,7.16,0.37
1353,14-Sep-2020 - 00:00,15-Sep-2020 - 00:00,7.34,10.41,6.25,17.38,7.81,0.36
1354,15-Sep-2020 - 00:00,16-Sep-2020 - 00:00,6.98,12.86,3.96,29.39,8.57,0.36
1355,16-Sep-2020 - 00:00,17-Sep-2020 - 00:00,7.03,17.72,5.76,23.33,5.95,0.27
1356,17-Sep-2020 - 00:00,18-Sep-2020 - 00:00,6.31,31.28,6.79,26.42,5.41,0.31
1357,18-Sep-2020 - 00:00,19-Sep-2020 - 00:00,7.89,15.6,6.67,34.61,11.68,0.45
1358,19-Sep-2020 - 00:00,20-Sep-2020 - 00:00,17.15,1.59,6.78,49.77,17.96,0.54
1359,20-Sep-2020 - 00:00,21-Sep-2020 - 00:00,17.96,1.54,6.34,44.38,13.11,0.43
1360,21-Sep-2020 - 00:00,22-Sep-2020 - 00:00,5.6,8.51,7.06,23.02,7.33,0.34
1361,22-Sep-2020 - 00:00,23-Sep-2020 - 00:00,5,22.74,5.48,28.2,9.04,0.32
1362,23-Sep-2020 - 00:00,24-Sep-2020 - 00:00,6.15,17.02,5.65,26.06,7.69,0.27
1363,24-Sep-2020 - 00:00,25-Sep-2020 - 00:00,8.84,26.81,6.76,30.82,6.3,0.33
1364,25-Sep-2020 - 00:00,26-Sep-2020 - 00:00,12.49,26.5,6.14,37.96,8.87,0.46
1365,26-Sep-2020 - 00:00,27-Sep-2020 - 00:00,17.56,27.96,5.69,46.85,10.65,0.53
1366,27-Sep-2020 - 00:00,28-Sep-2020 - 00:00,21.88,59.24,8.52,52.39,10.33,0.52
1367,28-Sep-2020 - 00:00,29-Sep-2020 - 00:00,40.48,38.21,6.06,83.14,13.14,0.66
1368,29-Sep-2020 - 00:00,30-Sep-2020 - 00:00,18.13,24.59,10.57,45.59,12.59,0.39
1369,30-Sep-2020 - 00:00,01-Oct-2020 - 00:00,9.26,22.38,8.27,34.84,13.24,0.42
1370,01-Oct-2020 - 00:00,02-Oct-2020 - 00:00,12.18,21.85,7.57,44.85,11.23,0.37
1371,02-Oct-2020 - 00:00,03-Oct-2020 - 00:00,7.93,27.67,7.01,30.77,7.94,0.39
1372,03-Oct-2020 - 00:00,04-Oct-2020 - 00:00,10.54,19.65,5.09,35.71,9.84,0.44
1373,04-Oct-2020 - 00:00,05-Oct-2020 - 00:00,21.95,10.19,4.74,50.42,12.72,0.48
1374,05-Oct-2020 - 00:00,06-Oct-2020 - 00:00,15.39,13.97,4.86,44.36,11.62,0.44
1375,06-Oct-2020 - 00:00,07-Oct-2020 - 00:00,10.15,24.88,6.28,33.36,11.43,0.49
1376,07-Oct-2020 - 00:00,08-Oct-2020 - 00:00,12.1,26.31,5.69,36.62,10.23,0.46
1377,08-Oct-2020 - 00:00,09-Oct-2020 - 00:00,20.18,28.74,4.31,47.42,15.08,0.55
1378,09-Oct-2020 - 00:00,10-Oct-2020 - 00:00,29.87,23.96,4.89,60.02,16.75,0.56
1379,10-Oct-2020 - 00:00,11-Oct-2020 - 00:00,31.23,31.45,5.61,62.41,30.16,0.83
1380,11-Oct-2020 - 00:00,12-Oct-2020 - 00:00,39.21,30.13,6.87,79.15,22.72,0.69
1381,12-Oct-2020 - 00:00,13-Oct-2020 - 00:00,45.15,24.43,10.33,95.12,26.43,0.86
1382,13-Oct-2020 - 00:00,14-Oct-2020 - 00:00,32.33,25.72,7.95,68.68,16.07,0.6
1383,14-Oct-2020 - 00:00,15-Oct-2020 - 00:00,9.53,30.61,8.49,35.78,9.61,0.43
1384,15-Oct-2020 - 00:00,16-Oct-2020 - 00:00,10.76,20.29,6.8,36.77,11.29,0.43
1385,16-Oct-2020 - 00:00,17-Oct-2020 - 00:00,39.05,23.78,10.74,88.15,30.08,0.87
1386,17-Oct-2020 - 00:00,18-Oct-2020 - 00:00,53.77,36.88,6.29,109.13,24.66,0.6
1387,18-Oct-2020 - 00:00,19-Oct-2020 - 00:00,47.12,33.66,5.11,104.99,21.36,0.57
1388,19-Oct-2020 - 00:00,20-Oct-2020 - 00:00,31.57,18.47,5.05,73.85,24.96,0.79
1389,20-Oct-2020 - 00:00,21-Oct-2020 - 00:00,43.73,47.77,7.55,101.04,18.63,0.49
1390,21-Oct-2020 - 00:00,22-Oct-2020 - 00:00,8.34,21.07,6.06,28.13,10.02,0.33
1391,22-Oct-2020 - 00:00,23-Oct-2020 - 00:00,6.06,19.95,6.09,27.85,11.5,0.39
1392,23-Oct-2020 - 00:00,24-Oct-2020 - 00:00,8.9,12.61,6.17,32.34,12.37,0.4
1393,24-Oct-2020 - 00:00,25-Oct-2020 - 00:00,16.83,22.48,7.09,44.14,17.48,0.55
1394,25-Oct-2020 - 00:00,26-Oct-2020 - 00:00,33.35,34.61,8.15,76.05,21.95,0.62
1395,26-Oct-2020 - 00:00,27-Oct-2020 - 00:00,61.15,56.75,11.19,120.45,33.85,0.84
1396,27-Oct-2020 - 00:00,28-Oct-2020 - 00:00,73.54,64.4,14.3,144.2,35.82,0.7
1397,28-Oct-2020 - 00:00,29-Oct-2020 - 00:00,81,56.63,13.93,171.75,33.2,0.91
1398,29-Oct-2020 - 00:00,30-Oct-2020 - 00:00,57.16,48.77,12.31,125.18,26.92,0.94
1399,30-Oct-2020 - 00:00,31-Oct-2020 - 00:00,44.84,54.1,14.93,113.86,22.44,0.59
1400,31-Oct-2020 - 00:00,01-Nov-2020 - 00:00,45.84,55.1,15.93,114.86,23.44,0.63
1401,01-Nov-2020 - 00:00,02-Nov-2020 - 00:00,12.15,13.17,6.47,47.76,11.29,0.38
1402,02-Nov-2020 - 00:00,03-Nov-2020 - 00:00,17.94,17.75,6.87,44.66,20.84,0.52
1403,03-Nov-2020 - 00:00,04-Nov-2020 - 00:00,79.78,71.12,18.45,176.84,37.54,0.96
1404,04-Nov-2020 - 00:00,05-Nov-2020 - 00:00,107.39,79.85,31.62,223.77,53.47,0.99
1405,05-Nov-2020 - 00:00,06-Nov-2020 - 00:00,94.62,72.27,27.99,200.77,51.65,0.96
1406,06-Nov-2020 - 00:00,07-Nov-2020 - 00:00,95.06,70.99,18.95,194.86,52.05,1.13
1407,07-Nov-2020 - 00:00,08-Nov-2020 - 00:00,110.85,80.86,23.6,221.07,50.75,0.92
1408,08-Nov-2020 - 00:00,09-Nov-2020 - 00:00,84.06,61.85,20.96,173.99,45.49,0.83
1409,09-Nov-2020 - 00:00,10-Nov-2020 - 00:00,66.6,34.41,13.94,142.54,53.25,1.02
1410,10-Nov-2020 - 00:00,11-Nov-2020 - 00:00,51.3,51.69,9.91,119.69,38.96,0.69
1411,11-Nov-2020 - 00:00,12-Nov-2020 - 00:00,39.08,49.45,9.23,98.87,33.61,0.61
1412,12-Nov-2020 - 00:00,13-Nov-2020 - 00:00,53.24,48.95,23.03,134.33,34.93,0.59
1413,13-Nov-2020 - 00:00,14-Nov-2020 - 00:00,43.06,55.25,13.9,109.19,32.38,0.58
1414,14-Nov-2020 - 00:00,15-Nov-2020 - 00:00,67.46,79.31,15.42,148.4,31.07,0.66
1415,15-Nov-2020 - 00:00,16-Nov-2020 - 00:00,86.98,67.82,16.13,163.13,31.23,0.63
1416,16-Nov-2020 - 00:00,17-Nov-2020 - 00:00,71.59,49.37,19.91,146.75,37.15,0.66
1417,17-Nov-2020 - 00:00,18-Nov-2020 - 00:00,105.91,63.52,26.26,204.2,43.63,0.81
1418,18-Nov-2020 - 00:00,19-Nov-2020 - 00:00,95.42,78.4,14.33,178.86,33.22,0.71
1419,19-Nov-2020 - 00:00,20-Nov-2020 - 00:00,53.74,55.21,10.99,108.14,21.83,0.53
1420,20-Nov-2020 - 00:00,21-Nov-2020 - 00:00,63.6,45.26,10.45,125.34,24.9,0.64
1421,21-Nov-2020 - 00:00,22-Nov-2020 - 00:00,107.1,26.96,9.68,178.82,35.79,1.13
1422,22-Nov-2020 - 00:00,23-Nov-2020 - 00:00,82.18,45.48,10.06,155.59,41.71,0.83
1423,23-Nov-2020 - 00:00,24-Nov-2020 - 00:00,90.88,42.41,8.44,168.54,67.85,1.1
1424,24-Nov-2020 - 00:00,25-Nov-2020 - 00:00,100.72,37.9,10.47,194.81,65.59,1.07
1425,25-Nov-2020 - 00:00,26-Nov-2020 - 00:00,92.75,33.38,12.97,181.72,59.72,1.02
1426,26-Nov-2020 - 00:00,27-Nov-2020 - 00:00,99.74,25.31,16.28,190.28,60.91,1.14
1427,27-Nov-2020 - 00:00,28-Nov-2020 - 00:00,79.44,26.93,16.06,164.69,42.26,0.61
1428,28-Nov-2020 - 00:00,29-Nov-2020 - 00:00,77.12,43.23,12.97,154.9,48.25,0.93
1429,29-Nov-2020 - 00:00,30-Nov-2020 - 00:00,98.56,43.24,13.51,190.04,57.97,1.07
1430,30-Nov-2020 - 00:00,01-Dec-2020 - 00:00,97.05,41.32,15.49,189.58,71.67,1.29
1431,01-Dec-2020 - 00:00,02-Dec-2020 - 00:00,119.97,39.72,13.49,232.69,73.64,1.22
1432,02-Dec-2020 - 00:00,03-Dec-2020 - 00:00,134.23,32.48,19.66,242.66,77.35,1.25
1433,03-Dec-2020 - 00:00,04-Dec-2020 - 00:00,153.03,47.26,14.58,272.04,78.92,1.58
1434,04-Dec-2020 - 00:00,05-Dec-2020 - 00:00,138.83,44.04,11.28,231.73,73.52,1.23
1435,05-Dec-2020 - 00:00,06-Dec-2020 - 00:00,111.16,41.53,12.98,197.88,58.34,1.04
1436,06-Dec-2020 - 00:00,07-Dec-2020 - 00:00,100.87,55.69,11.89,171.53,38.05,0.86
1437,07-Dec-2020 - 00:00,08-Dec-2020 - 00:00,94.35,50.42,10.38,172.97,49.38,1.08
1438,08-Dec-2020 - 00:00,09-Dec-2020 - 00:00,144.08,26.18,8.25,233.55,47.37,1.37
1439,09-Dec-2020 - 00:00,10-Dec-2020 - 00:00,160.36,30.26,8.31,257.06,46.7,1.32
1440,10-Dec-2020 - 00:00,11-Dec-2020 - 00:00,139.58,30.09,8.84,236.32,52.33,1.4
1441,11-Dec-2020 - 00:00,12-Dec-2020 - 00:00,121.32,31.15,9.1,200.97,34.02,1.12
1442,12-Dec-2020 - 00:00,13-Dec-2020 - 00:00,134.26,41.71,11.94,205.41,40.42,1.12
1443,13-Dec-2020 - 00:00,14-Dec-2020 - 00:00,129.31,34.49,9.4,172.62,52.74,1.5
1444,14-Dec-2020 - 00:00,15-Dec-2020 - 00:00,133.06,36.03,8.19,183.16,53.22,1.23
1445,15-Dec-2020 - 00:00,16-Dec-2020 - 00:00,97.75,35.66,10.65,167.78,51.41,1.01
1446,16-Dec-2020 - 00:00,17-Dec-2020 - 00:00,106.63,12.57,13.76,186.9,52.1,1.06
1447,17-Dec-2020 - 00:00,18-Dec-2020 - 00:00,112.62,28,12.28,198.37,55.12,1.12
1448,18-Dec-2020 - 00:00,19-Dec-2020 - 00:00,101.09,56.72,13.31,163.47,51.55,0.89
1449,19-Dec-2020 - 00:00,20-Dec-2020 - 00:00,112.83,75.74,10.89,151.99,45.9,0.87
1450,20-Dec-2020 - 00:00,21-Dec-2020 - 00:00,142.43,73.77,11.13,156.95,47.33,0.99
1451,21-Dec-2020 - 00:00,22-Dec-2020 - 00:00,176.36,54.3,11.88,203.47,63.75,1.29
1452,22-Dec-2020 - 00:00,23-Dec-2020 - 00:00,180.25,44.98,13.49,362.78,77.11,1.39
1453,23-Dec-2020 - 00:00,24-Dec-2020 - 00:00,152.06,46.65,9.28,215.64,64.28,1.6
1454,24-Dec-2020 - 00:00,25-Dec-2020 - 00:00,152.01,42.72,8.84,254.6,71.79,1.75
1455,25-Dec-2020 - 00:00,26-Dec-2020 - 00:00,158.27,43.27,9.56,263.14,62.52,1.44
1456,26-Dec-2020 - 00:00,27-Dec-2020 - 00:00,144.74,50.3,9.34,250.34,64.93,1.34
1457,27-Dec-2020 - 00:00,28-Dec-2020 - 00:00,136.43,54.73,10.91,237.24,67.16,1.31
1458,28-Dec-2020 - 00:00,29-Dec-2020 - 00:00,170.03,46.71,7.04,293.6,78.08,1.69
1459,29-Dec-2020 - 00:00,30-Dec-2020 - 00:00,220.02,46.9,11.55,373.95,80.59,2.1
1460,30-Dec-2020 - 00:00,31-Dec-2020 - 00:00,146.61,43.57,7.74,268.5,62.48,1.21
1461,31-Dec-2020 - 00:00,01-Jan-2021 - 00:00,128.92,47.07,13.23,229.6,60.05,1.05
1462,01-Jan-2021 - 00:00,02-Jan-2021 - 00:00,123.75,55.73,12.26,238.76,55.24,1.29
1463,02-Jan-2021 - 00:00,03-Jan-2021 - 00:00,205.36,46.24,13.48,356.17,71.08,1.74
1464,03-Jan-2021 - 00:00,04-Jan-2021 - 00:00,200.54,43.41,8.04,346.27,69.77,2.15
1465,04-Jan-2021 - 00:00,05-Jan-2021 - 00:00,140.73,40.92,9.98,251.01,65.96,1.74
1466,05-Jan-2021 - 00:00,06-Jan-2021 - 00:00,101.22,41.24,10.36,196.7,53.64,1.33
1467,06-Jan-2021 - 00:00,07-Jan-2021 - 00:00,132.57,42.31,8.78,251.99,65.64,1.98
1468,07-Jan-2021 - 00:00,08-Jan-2021 - 00:00,126.74,43.33,18.54,224.04,66,1.47
1469,08-Jan-2021 - 00:00,09-Jan-2021 - 00:00,90.71,38.47,14.08,123.18,53.67,1.01
1470,09-Jan-2021 - 00:00,10-Jan-2021 - 00:00,89.56,56.16,11.04,128,35.97,0.84
1471,10-Jan-2021 - 00:00,11-Jan-2021 - 00:00,84.24,48.04,10.68,225.31,30.72,0.85
1472,11-Jan-2021 - 00:00,12-Jan-2021 - 00:00,91.04,39.73,14.53,144.94,33.44,0.9
1473,12-Jan-2021 - 00:00,13-Jan-2021 - 00:00,90.06,64.28,8.94,132.51,21.79,0.71
1474,13-Jan-2021 - 00:00,14-Jan-2021 - 00:00,100.43,73.7,4.88,144.77,16.47,0.64
1475,14-Jan-2021 - 00:00,15-Jan-2021 - 00:00,118.69,66.62,7.1,,23.9,0.77
1476,15-Jan-2021 - 00:00,16-Jan-2021 - 00:00,127.28,67.32,9.95,239.81,34.94,0.88
1477,16-Jan-2021 - 00:00,17-Jan-2021 - 00:00,150.81,60.2,9.16,234.23,28.43,0.98
1478,17-Jan-2021 - 00:00,18-Jan-2021 - 00:00,178.29,51.44,8.92,281.79,34.32,1.14
1479,18-Jan-2021 - 00:00,19-Jan-2021 - 00:00,167.18,45.08,10.21,256.95,49.24,1.3
1480,19-Jan-2021 - 00:00,20-Jan-2021 - 00:00,142.81,54.02,8.44,209.74,35.6,0.91
1481,20-Jan-2021 - 00:00,21-Jan-2021 - 00:00,101.04,39.33,13.14,159.88,54.02,0.97
1482,21-Jan-2021 - 00:00,22-Jan-2021 - 00:00,132.72,53.78,13.78,196.67,67.44,1.08
1483,22-Jan-2021 - 00:00,23-Jan-2021 - 00:00,118.14,62.79,8.84,185.78,61.5,0.9
1484,23-Jan-2021 - 00:00,24-Jan-2021 - 00:00,133.34,45.7,12.08,222.27,67.09,1.1
1485,24-Jan-2021 - 00:00,25-Jan-2021 - 00:00,135.54,64.45,14.29,222.35,53.53,0.9
1486,25-Jan-2021 - 00:00,26-Jan-2021 - 00:00,143.37,43.82,17.58,233.79,60.62,1
1487,26-Jan-2021 - 00:00,27-Jan-2021 - 00:00,126.01,34.08,12.54,212.54,58.82,0.99
1488,27-Jan-2021 - 00:00,28-Jan-2021 - 00:00,121.59,44.17,16.54,217.93,67.63,0.88
1489,28-Jan-2021 - 00:00,29-Jan-2021 - 00:00,109.63,45.57,13.5,209.7,65.22,0.98
1490,29-Jan-2021 - 00:00,30-Jan-2021 - 00:00,120.39,38.67,11.77,209.74,64.81,0.96
1491,30-Jan-2021 - 00:00,31-Jan-2021 - 00:00,147.29,36.15,17.45,263.39,70.36,1.26
1492,31-Jan-2021 - 00:00,01-Feb-2021 - 00:00,139.23,65.5,11.25,235.73,57.16,0.93
1493,01-Feb-2021 - 00:00,02-Feb-2021 - 00:00,134.13,53.8,10.45,217.44,66.13,1.15
1494,02-Feb-2021 - 00:00,03-Feb-2021 - 00:00,139.52,48.98,11.01,239.51,90.71,1.4
1495,03-Feb-2021 - 00:00,04-Feb-2021 - 00:00,155.78,46.97,15.79,265.72,99.78,1.58
1496,04-Feb-2021 - 00:00,05-Feb-2021 - 00:00,150.53,43.79,13.87,259.72,92.34,1.28
1497,05-Feb-2021 - 00:00,06-Feb-2021 - 00:00,143.91,38.51,13.36,237.67,89.9,1.68
1498,06-Feb-2021 - 00:00,07-Feb-2021 - 00:00,117.36,46.56,20.95,220.23,73.33,1.12
1499,07-Feb-2021 - 00:00,08-Feb-2021 - 00:00,57.76,52.35,12.72,118.81,57.21,0.77
1500,08-Feb-2021 – 00:00,09-Feb-2021 – 00:00,58.76,53.35,13.72,119.81,58.21,1.77
1501,09-Feb-2021 - 00:00,10-Feb-2021 - 00:00,120.26,45.72,14.35,204.76,84.37,1.7
1502,10-Feb-2021 - 00:00,11-Feb-2021 - 00:00,152,56.55,14,269.84,88.01,1.4
1503,11-Feb-2021 - 00:00,12-Feb-2021 - 00:00,88.39,45.46,13.62,164.08,71.91,0.97
1504,12-Feb-2021 - 00:00,13-Feb-2021 - 00:00,89.66,50.85,12.03,138.01,68.65,0.95
1505,13-Feb-2021 - 00:00,14-Feb-2021 - 00:00,95.07,50.46,12.01,157.47,64,0.83
1506,14-Feb-2021 - 00:00,15-Feb-2021 - 00:00,79.91,50.78,8.43,120.77,41.1,0.63
1507,15-Feb-2021 - 00:00,16-Feb-2021 - 00:00,67.48,40.73,10.13,123.87,55.73,0.92
1508,16-Feb-2021 - 00:00,17-Feb-2021 - 00:00,83.32,57.31,13.6,153.84,50.14,0.75
1509,17-Feb-2021 - 00:00,18-Feb-2021 - 00:00,115.25,34.85,16.99,241.96,62.22,1.2
1510,18-Feb-2021 - 00:00,19-Feb-2021 - 00:00,106.1,50.94,11.85,193.39,66.07,1.53
1511,19-Feb-2021 - 00:00,20-Feb-2021 - 00:00,113.56,41.17,11.89,224.33,64.38,1.24
1512,20-Feb-2021 - 00:00,21-Feb-2021 - 00:00,134.11,34.34,11.56,245.9,67.95,1.1
1513,21-Feb-2021 - 00:00,22-Feb-2021 - 00:00,101.46,46.82,15.37,193.88,70.13,1.06
1514,22-Feb-2021 - 00:00,23-Feb-2021 - 00:00,114.39,56.69,16.19,216.3,69.31,1.1
1515,23-Feb-2021 - 00:00,24-Feb-2021 - 00:00,81.04,60.02,16.43,168.59,35.94,0.7
1516,24-Feb-2021 - 00:00,25-Feb-2021 - 00:00,90.35,51.77,12.63,176.92,65.84,1.21
1517,25-Feb-2021 - 00:00,26-Feb-2021 - 00:00,87.43,69.41,16.18,164.23,55.55,0.69
1518,26-Feb-2021 - 00:00,27-Feb-2021 - 00:00,71.64,66.56,12.68,141.38,49.86,0.84
1519,27-Feb-2021 - 00:00,28-Feb-2021 - 00:00,72.56,59.12,15.33,151.46,54.73,0.7
1520,28-Feb-2021 - 00:00,01-Mar-2021 - 00:00,59.16,66.73,11.41,120.36,31.54,0.53
1521,01-Mar-2021 - 00:00,02-Mar-2021 - 00:00,53.74,52.04,9.88,109.05,26.28,0.55
1522,02-Mar-2021 - 00:00,03-Mar-2021 - 00:00,62.51,45.87,10.39,123.28,19.71,0.54
1523,03-Mar-2021 - 00:00,04-Mar-2021 - 00:00,52.77,65.25,12.92,111.51,37.44,0.76
1524,04-Mar-2021 - 00:00,05-Mar-2021 - 00:00,77.1,82.26,20.38,145.82,33.93,0.7
1525,05-Mar-2021 - 00:00,06-Mar-2021 - 00:00,55.95,61.04,10.41,110.99,15.93,0.49
1526,06-Mar-2021 - 00:00,07-Mar-2021 - 00:00,63.05,67.8,13.64,141.35,30.88,0.7
1527,07-Mar-2021 - 00:00,08-Mar-2021 - 00:00,70.13,65.15,10.32,148.98,21.2,0.61
1528,08-Mar-2021 - 00:00,09-Mar-2021 - 00:00,46.64,66.07,13.6,105.69,17.22,0.47
1529,09-Mar-2021 - 00:00,10-Mar-2021 - 00:00,27.8,31.39,8.18,68.15,20.02,0.43
1530,10-Mar-2021 - 00:00,11-Mar-2021 - 00:00,17.72,21.71,7.95,50.84,21.2,0.42
1531,11-Mar-2021 - 00:00,12-Mar-2021 - 00:00,26.64,25.74,7.27,66.56,20.54,0.43
1532,12-Mar-2021 - 00:00,13-Mar-2021 - 00:00,32.31,27.19,7.34,76.55,28.53,0.63
1533,13-Mar-2021 - 00:00,14-Mar-2021 - 00:00,51.89,42.49,10.92,146.16,35.88,0.67
1534,14-Mar-2021 - 00:00,15-Mar-2021 - 00:00,53.19,63.65,11.12,107.3,42.6,0.76
1535,15-Mar-2021 - 00:00,16-Mar-2021 - 00:00,60.46,81.26,24.2,114.98,34.41,0.59
1536,16-Mar-2021 - 00:00,17-Mar-2021 - 00:00,65.42,56.02,10.62,142.56,43.69,0.89
1537,17-Mar-2021 - 00:00,18-Mar-2021 - 00:00,82.52,60,17.03,186.24,45.09,0.61
1538,18-Mar-2021 - 00:00,19-Mar-2021 - 00:00,86.62,52.03,12.3,177.71,52.24,0.84
1539,19-Mar-2021 - 00:00,20-Mar-2021 - 00:00,100.09,52.12,12.7,212.85,68.66,0.94
1540,20-Mar-2021 - 00:00,21-Mar-2021 - 00:00,129.91,59.69,15.57,264.74,57.95,0.98
1541,21-Mar-2021 - 00:00,22-Mar-2021 - 00:00,110.49,53.99,14.25,215.85,39.4,0.84
1542,22-Mar-2021 - 00:00,23-Mar-2021 - 00:00,94.07,49.85,11.36,193.55,49.63,0.95
1543,23-Mar-2021 - 00:00,24-Mar-2021 - 00:00,94.35,62.44,16.61,188.77,37.49,0.72
1544,24-Mar-2021 - 00:00,25-Mar-2021 - 00:00,78.23,58.1,10.76,160.24,32.74,0.8
1545,25-Mar-2021 - 00:00,26-Mar-2021 - 00:00,95.35,51.58,13.5,184.96,40.86,0.83
1546,26-Mar-2021 - 00:00,27-Mar-2021 - 00:00,80.78,69.76,16.8,169.54,35.46,0.68
1547,27-Mar-2021 - 00:00,28-Mar-2021 - 00:00,91,80.55,14.04,192.59,35.81,0.75
1548,28-Mar-2021 - 00:00,29-Mar-2021 - 00:00,75.03,54.7,10.34,147.1,22.06,0.59
1549,29-Mar-2021 - 00:00,30-Mar-2021 - 00:00,53.72,32.17,11.62,105.33,18.01,0.52
